"season","c_m","zip3","ILI","popstat"
"2","A","010","245","7047206"
"2","C","010","665","3148287"
"2","O","010","392","1581310"
"2","A","011","12","228988"
"2","C","011","333","1191086"
"2","O","011","163","427517"
"2","A","012","7","124900"
"2","C","012","162","617008"
"2","O","012","124","197964"
"2","A","013","71","572964"
"2","C","013","13","62666"
"2","O","013","24","96120"
"2","A","014","150","2219037"
"2","C","014","210","1059275"
"2","O","014","154","488659"
"2","A","015","431","5954366"
"2","C","015","1521","2433608"
"2","O","015","1762","1762417"
"2","A","016","310","2802723"
"2","C","016","299","1132527"
"2","O","016","567","1179250"
"2","A","017","44","2883902"
"2","C","017","49","816893"
"2","O","017","114","1345549"
"2","A","018","975","12618148"
"2","C","018","3231","4895885"
"2","O","018","4436","4467807"
"2","A","019","178","4411161"
"2","C","019","444","2739651"
"2","O","019","729","2454787"
"2","A","020","51","3246381"
"2","C","020","22","564394"
"2","O","020","39","903811"
"2","A","021","245","19865799"
"2","C","021","879","7120017"
"2","O","021","1012","4328236"
"2","A","023","9","569040"
"2","C","023","16","460923"
"2","O","023","22","322059"
"2","A","024","133","4313513"
"2","C","024","139","1358633"
"2","O","024","246","1183639"
"2","A","025","20","315401"
"2","C","025","54","262336"
"2","O","025","51","163216"
"2","A","026","11","166023"
"2","C","026","66","402391"
"2","O","026","60","194735"
"2","A","027","13","818752"
"2","C","027","28","746230"
"2","O","027","22","474447"
"2","A","028","40","2750955"
"2","C","028","131","2750325"
"2","O","028","142","1549135"
"2","A","029","39","1613807"
"2","C","029","105","1395002"
"2","O","029","183","696650"
"2","A","030","167","4491789"
"2","C","030","541","2550222"
"2","O","030","673","1322276"
"2","A","031","17","271581"
"2","C","031","26","214118"
"2","O","031","38","164606"
"2","A","032","2","50452"
"2","C","032","16","142436"
"2","O","032","21","143101"
"2","A","033","1","7278"
"2","C","033","3","12905"
"2","O","033","3","5697"
"2","A","034","65","571002"
"2","C","034","81","315956"
"2","O","034","62","125173"
"2","A","035","7","36943"
"2","C","035","7","19212"
"2","O","035","1","5142"
"2","A","036","3","4199"
"2","C","036","3","2806"
"2","O","036","1","538"
"2","A","037","58","365903"
"2","C","037","76","206115"
"2","O","037","130","151935"
"2","A","038","102","3009581"
"2","C","038","219","1635815"
"2","O","038","505","1161595"
"2","A","039","41","216108"
"2","C","039","43","107210"
"2","O","039","68","88995"
"2","A","040","85","2930303"
"2","C","040","119","1521520"
"2","O","040","96","817329"
"2","A","041","20","299258"
"2","C","041","3","19845"
"2","O","041","4","18781"
"2","A","042","126","1662639"
"2","C","042","248","920390"
"2","O","042","263","611648"
"2","A","043","5","51930"
"2","C","043","4","16473"
"2","O","043","5","24382"
"2","A","044","5","95520"
"2","C","044","2","24767"
"2","O","044","5","57275"
"2","A","046","1","11985"
"2","C","046","1","5242"
"2","O","046","1","6791"
"2","A","049","7","146640"
"2","C","049","3","36627"
"2","O","049","8","56941"
"2","A","050","96","505185"
"2","C","050","147","286144"
"2","O","050","129","133309"
"2","A","051","2","6334"
"2","C","051","14","26601"
"2","O","051","14","12259"
"2","A","052","48","149922"
"2","C","052","24","55307"
"2","O","052","15","22606"
"2","A","053","54","199381"
"2","C","053","231","201311"
"2","O","053","253","76663"
"2","A","054","142","2674428"
"2","C","054","261","1404031"
"2","O","054","327","567007"
"2","A","056","8","95964"
"2","C","056","17","87301"
"2","O","056","23","56610"
"2","A","057","127","842537"
"2","C","057","105","292671"
"2","O","057","100","189008"
"2","A","058","3","23177"
"2","C","058","5","20421"
"2","O","058","7","15753"
"2","A","060","203","8257147"
"2","C","060","315","3865666"
"2","O","060","431","3165322"
"2","A","061","41","1157806"
"2","C","061","12","202560"
"2","O","061","40","488674"
"2","A","062","106","1370878"
"2","C","062","122","672430"
"2","O","062","111","389922"
"2","A","063","424","4283235"
"2","C","063","765","1666900"
"2","O","063","1052","1791033"
"2","A","064","1848","13632685"
"2","C","064","2295","4869119"
"2","O","064","2468","5835887"
"2","A","065","679","4879858"
"2","C","065","219","1355844"
"2","O","065","466","1802822"
"2","A","066","610","3938232"
"2","C","066","233","1270077"
"2","O","066","378","1693815"
"2","A","067","171","3542379"
"2","C","067","97","1489915"
"2","O","067","104","1025439"
"2","A","068","236","5528379"
"2","C","068","425","2276456"
"2","O","068","680","1991104"
"2","A","069","18","297773"
"2","C","069","55","264970"
"2","O","069","150","348313"
"2","A","070","1552","30895075"
"2","C","070","2672","9996752"
"2","O","070","2775","12395631"
"2","A","071","120","3789687"
"2","C","071","117","1789287"
"2","O","071","118","1113772"
"2","A","072","63","1155394"
"2","C","072","34","339162"
"2","O","072","45","316231"
"2","A","073","58","1499088"
"2","C","073","379","1363623"
"2","O","073","354","636576"
"2","A","074","887","8159130"
"2","C","074","815","2967597"
"2","O","074","643","2720530"
"2","A","075","240","2832385"
"2","C","075","83","763993"
"2","O","075","104","636047"
"2","A","076","191","6230910"
"2","C","076","1665","2809031"
"2","O","076","1264","1781408"
"2","A","077","123","6270160"
"2","C","077","55","1695324"
"2","O","077","104","1615011"
"2","A","078","1560","6684875"
"2","C","078","1160","2383414"
"2","O","078","942","2161834"
"2","A","079","641","4482663"
"2","C","079","947","1499851"
"2","O","079","985","1560803"
"2","A","080","682","19501241"
"2","C","080","645","7399978"
"2","O","080","657","7623211"
"2","A","081","38","726591"
"2","C","081","15","175848"
"2","O","081","36","219078"
"2","A","082","15","461627"
"2","C","082","5","66343"
"2","O","082","9","120239"
"2","A","083","101","2210074"
"2","C","083","85","927544"
"2","O","083","101","612119"
"2","A","084","15","121371"
"2","C","084","2","8290"
"2","O","084","7","29282"
"2","A","085","197","3706835"
"2","C","085","128","1256173"
"2","O","085","92","730103"
"2","A","086","53","1771408"
"2","C","086","10","160235"
"2","O","086","21","327717"
"2","A","087","210","4645399"
"2","C","087","768","2499247"
"2","O","087","1310","2871929"
"2","A","088","1037","16001825"
"2","C","088","535","5275531"
"2","O","088","409","5066393"
"2","A","089","40","544487"
"2","C","089","10","67411"
"2","O","089","5","18981"
"2","A","100","467","29341928"
"2","C","100","149","4676956"
"2","O","100","236","6618951"
"2","A","101","37","356263"
"2","C","101","9","18029"
"2","O","101","2","8425"
"2","A","102","5","7680"
"2","C","102","5","1173"
"2","A","103","51","2760978"
"2","C","103","51","1163962"
"2","O","103","80","1143348"
"2","A","104","77","11448926"
"2","C","104","102","6388292"
"2","O","104","108","3297948"
"2","A","105","530","10087952"
"2","C","105","1686","4000121"
"2","O","105","2057","3212139"
"2","A","106","9","86669"
"2","C","106","23","81899"
"2","O","106","22","46587"
"2","A","107","202","2940647"
"2","C","107","92","703862"
"2","O","107","117","885509"
"2","A","108","29","304870"
"2","C","108","202","293175"
"2","O","108","251","148012"
"2","A","109","209","6644145"
"2","C","109","1205","3726867"
"2","O","109","1011","1963704"
"2","A","110","87","2106173"
"2","C","110","30","356654"
"2","O","110","61","632806"
"2","A","111","31","925353"
"2","C","111","6","46034"
"2","O","111","7","66594"
"2","A","112","435","42083272"
"2","C","112","700","17272636"
"2","O","112","878","12827775"
"2","A","113","223","16713258"
"2","C","113","50","2406996"
"2","O","113","186","5836923"
"2","A","114","258","10890184"
"2","C","114","132","3023363"
"2","O","114","183","3556446"
"2","A","115","340","11250367"
"2","C","115","269","3640682"
"2","O","115","323","3776320"
"2","A","116","6","52004"
"2","C","116","10","83186"
"2","O","116","7","36401"
"2","A","117","1340","28446664"
"2","C","117","2695","10371180"
"2","O","117","2323","10721080"
"2","A","118","43","346962"
"2","C","118","107","275642"
"2","O","118","85","136147"
"2","A","119","145","2491313"
"2","C","119","78","702128"
"2","O","119","72","466808"
"2","A","120","195","4454311"
"2","C","120","254","1936950"
"2","O","120","189","1566423"
"2","A","121","69","2002405"
"2","C","121","56","745911"
"2","O","121","62","587297"
"2","A","122","77","1053768"
"2","C","122","24","197578"
"2","O","122","52","320677"
"2","A","123","396","2463537"
"2","C","123","376","977885"
"2","O","123","339","1065476"
"2","A","124","34","658907"
"2","C","124","17","152676"
"2","O","124","15","67000"
"2","A","125","153","4726603"
"2","C","125","400","2535043"
"2","O","125","379","1106014"
"2","A","126","7","85848"
"2","C","126","3","19978"
"2","O","126","9","25790"
"2","A","127","50","585451"
"2","C","127","15","89389"
"2","O","127","10","41625"
"2","A","128","34","847587"
"2","C","128","24","253493"
"2","O","128","36","331962"
"2","A","129","71","1173143"
"2","C","129","174","860795"
"2","O","129","289","447381"
"2","A","130","221","4959488"
"2","C","130","1000","2652596"
"2","O","130","1414","1779262"
"2","A","131","76","1210390"
"2","C","131","205","926927"
"2","O","131","304","610109"
"2","A","132","405","3424811"
"2","C","132","555","1439830"
"2","O","132","956","1385851"
"2","A","133","6","120517"
"2","C","133","10","79706"
"2","O","133","13","84254"
"2","A","134","22","495537"
"2","C","134","10","146767"
"2","O","134","42","192535"
"2","A","135","1","7537"
"2","C","135","1","4578"
"2","O","135","1","12443"
"2","A","136","21","537754"
"2","C","136","19","309164"
"2","O","136","36","234193"
"2","A","137","4","75289"
"2","C","137","6","56228"
"2","O","137","4","25647"
"2","A","140","45","2145229"
"2","C","140","62","1252397"
"2","O","140","72","776277"
"2","A","141","19","438072"
"2","C","141","35","402994"
"2","O","141","82","375277"
"2","A","142","45","2933258"
"2","C","142","420","3483420"
"2","O","142","603","1659253"
"2","A","144","4","133055"
"2","C","144","1","20935"
"2","O","144","3","28527"
"2","A","145","2","81204"
"2","C","145","3","68338"
"2","O","145","7","43705"
"2","A","147","12","278914"
"2","C","147","25","109703"
"2","O","147","18","164363"
"2","A","148","11","445891"
"2","C","148","204","1475155"
"2","O","148","250","469157"
"2","A","150","397","7143609"
"2","C","150","1031","2853270"
"2","O","150","756","3047843"
"2","A","151","344","5722793"
"2","C","151","1013","2375080"
"2","O","151","893","2763197"
"2","A","152","481","11976803"
"2","C","152","2067","4427723"
"2","O","152","1616","5270666"
"2","A","153","88","1523846"
"2","C","153","219","927794"
"2","O","153","145","692576"
"2","A","154","70","1070241"
"2","C","154","74","466653"
"2","O","154","57","430589"
"2","A","155","19","220375"
"2","C","155","15","82580"
"2","O","155","22","72269"
"2","A","156","271","4298815"
"2","C","156","202","1536739"
"2","O","156","246","1970422"
"2","A","157","76","723039"
"2","C","157","65","297996"
"2","O","157","80","186116"
"2","A","158","6","67542"
"2","C","158","110","316623"
"2","O","158","116","127727"
"2","A","159","5","93992"
"2","C","159","3","19138"
"2","O","159","31","187279"
"2","A","160","170","2223311"
"2","C","160","799","1301963"
"2","O","160","616","707214"
"2","A","161","47","1227659"
"2","C","161","81","715266"
"2","O","161","86","620767"
"2","A","162","38","310419"
"2","C","162","33","165648"
"2","O","162","24","73432"
"2","A","163","44","675350"
"2","C","163","39","390078"
"2","O","163","49","296876"
"2","A","164","59","682932"
"2","C","164","59","356952"
"2","O","164","34","193796"
"2","A","165","217","1993965"
"2","C","165","99","728267"
"2","O","165","217","839340"
"2","A","166","17","491606"
"2","C","166","8","109493"
"2","O","166","29","269678"
"2","A","167","1","7161"
"2","C","167","1","3441"
"2","O","167","4","9371"
"2","A","168","8","213817"
"2","C","168","33","260371"
"2","O","168","25","97744"
"2","A","170","435","9127710"
"2","C","170","372","3403456"
"2","O","170","413","3716489"
"2","A","171","41","724660"
"2","C","171","8","83648"
"2","O","171","3","21707"
"2","A","172","91","1579183"
"2","C","172","78","543891"
"2","O","172","80","392071"
"2","A","173","268","4080116"
"2","C","173","170","1715414"
"2","O","173","189","1270419"
"2","A","174","31","462279"
"2","C","174","20","177393"
"2","O","174","29","147263"
"2","A","175","938","5095683"
"2","C","175","818","2259663"
"2","O","175","868","2198418"
"2","A","176","412","2422619"
"2","C","176","465","941181"
"2","O","176","518","941564"
"2","A","177","17","302215"
"2","C","177","10","85858"
"2","O","177","9","90285"
"2","A","178","136","2080543"
"2","C","178","129","965401"
"2","O","178","88","636227"
"2","A","180","50","2444870"
"2","C","180","105","1805254"
"2","O","180","66","752636"
"2","A","181","1","19515"
"2","C","181","15","133985"
"2","O","181","1","3909"
"2","A","182","8","66303"
"2","C","182","1","8530"
"2","A","183","50","788529"
"2","C","183","40","370331"
"2","O","183","57","216261"
"2","A","184","36","682323"
"2","C","184","22","231232"
"2","O","184","70","436459"
"2","A","185","1","15988"
"2","C","185","2","13965"
"2","A","186","50","910516"
"2","C","186","49","430109"
"2","O","186","45","287517"
"2","A","187","100","1233470"
"2","C","187","126","591652"
"2","O","187","134","494337"
"2","A","188","1","10465"
"2","C","188","2","12078"
"2","O","188","1","5468"
"2","A","189","262","5137749"
"2","C","189","96","1380941"
"2","O","189","200","1523897"
"2","A","190","1147","19491633"
"2","C","190","1779","7571949"
"2","O","190","2315","8752363"
"2","A","191","449","24909463"
"2","C","191","742","10374170"
"2","O","191","1318","7534009"
"2","A","193","171","4444936"
"2","C","193","165","1980752"
"2","O","193","224","1277816"
"2","A","194","454","7920221"
"2","C","194","475","2803036"
"2","O","194","769","2551993"
"2","A","195","85","1722266"
"2","C","195","135","895977"
"2","O","195","166","456069"
"2","A","196","34","766560"
"2","C","196","65","569347"
"2","O","196","111","479703"
"2","A","197","83","2106351"
"2","C","197","322","1795053"
"2","O","197","530","838977"
"2","A","198","26","692527"
"2","C","198","92","737721"
"2","O","198","130","409368"
"2","A","199","228","3510378"
"2","C","199","104","1062297"
"2","O","199","134","1342872"
"2","A","200","168","7372797"
"2","C","200","217","2295832"
"2","O","200","391","1955223"
"2","A","201","152","7712732"
"2","C","201","439","3492900"
"2","O","201","549","1858018"
"2","A","206","516","5126308"
"2","C","206","892","2124241"
"2","O","206","767","1537761"
"2","A","207","1166","17790858"
"2","C","207","1315","6547507"
"2","O","207","1469","4516400"
"2","A","208","416","10420686"
"2","C","208","1171","4021566"
"2","O","208","1330","2600406"
"2","A","209","129","3226109"
"2","C","209","470","1617144"
"2","O","209","652","936571"
"2","A","210","2003","12719166"
"2","C","210","2862","4578949"
"2","O","210","2990","4466578"
"2","A","211","1285","7784484"
"2","C","211","2094","2929198"
"2","O","211","1959","2414019"
"2","A","212","2393","21640341"
"2","C","212","3099","8193769"
"2","O","212","3285","9592918"
"2","A","214","270","1271314"
"2","C","214","379","442104"
"2","O","214","324","279319"
"2","A","215","202","1134115"
"2","C","215","451","615918"
"2","O","215","331","408953"
"2","A","216","219","1989216"
"2","C","216","250","798246"
"2","O","216","215","615892"
"2","A","217","1452","7797421"
"2","C","217","1408","2960142"
"2","O","217","1771","2842878"
"2","A","218","310","2406836"
"2","C","218","566","1033097"
"2","O","218","581","872813"
"2","A","219","85","707129"
"2","C","219","104","396327"
"2","O","219","153","266769"
"2","A","220","152","5513996"
"2","C","220","446","2374363"
"2","O","220","458","1361061"
"2","A","221","127","4438084"
"2","C","221","241","2327895"
"2","O","221","194","1179223"
"2","A","222","78","1814902"
"2","C","222","51","231352"
"2","O","222","71","291627"
"2","A","223","257","4907783"
"2","C","223","128","928537"
"2","O","223","213","1018578"
"2","A","224","239","2392019"
"2","C","224","285","1062481"
"2","O","224","282","589545"
"2","A","225","189","1930520"
"2","C","225","149","808612"
"2","O","225","134","509776"
"2","A","226","180","1642466"
"2","C","226","56","380367"
"2","O","226","131","580540"
"2","A","227","82","441469"
"2","C","227","42","129885"
"2","O","227","57","112890"
"2","A","228","93","1179375"
"2","C","228","85","482804"
"2","O","228","83","316007"
"2","A","229","929","4150704"
"2","C","229","311","1400673"
"2","O","229","710","1540953"
"2","A","230","160","1942214"
"2","C","230","105","709666"
"2","O","230","137","583439"
"2","A","231","551","4948684"
"2","C","231","560","2025401"
"2","O","231","435","1378034"
"2","A","232","682","9018330"
"2","C","232","424","3138931"
"2","O","232","457","2903735"
"2","A","233","173","2622254"
"2","C","233","68","853525"
"2","O","233","154","835163"
"2","A","234","169","6932333"
"2","C","234","120","2362690"
"2","O","234","163","2084496"
"2","A","235","13","483110"
"2","C","235","96","882585"
"2","O","235","78","480674"
"2","A","236","178","4471764"
"2","C","236","283","2039194"
"2","O","236","435","1808491"
"2","A","237","47","448443"
"2","C","237","6","43495"
"2","O","237","46","191511"
"2","A","238","472","5223277"
"2","C","238","248","1739728"
"2","O","238","252","1399401"
"2","A","239","351","1476806"
"2","C","239","211","565998"
"2","O","239","190","545310"
"2","A","240","163","3708235"
"2","C","240","102","1256043"
"2","O","240","163","1166624"
"2","A","241","307","3378558"
"2","C","241","184","1107088"
"2","O","241","318","1467842"
"2","A","242","252","2389886"
"2","C","242","242","1013139"
"2","O","242","321","976286"
"2","A","243","61","758341"
"2","C","243","178","694614"
"2","O","243","302","554946"
"2","A","244","236","1822016"
"2","C","244","307","776276"
"2","O","244","363","757490"
"2","A","245","662","5979126"
"2","C","245","409","2161334"
"2","O","245","542","2752677"
"2","A","246","115","581586"
"2","C","246","160","261937"
"2","O","246","126","174951"
"2","A","247","20","128786"
"2","C","247","3","12378"
"2","O","247","1","2006"
"2","A","248","6","36324"
"2","C","248","8","24465"
"2","O","248","22","33073"
"2","A","249","74","300248"
"2","C","249","44","101976"
"2","O","249","65","139575"
"2","A","250","16","154884"
"2","C","250","8","35654"
"2","O","250","13","48514"
"2","A","251","19","177376"
"2","C","251","5","26311"
"2","O","251","6","25394"
"2","A","252","13","74715"
"2","C","252","5","19786"
"2","O","252","32","41421"
"2","A","253","64","703430"
"2","C","253","14","98252"
"2","O","253","34","147623"
"2","A","254","100","1324732"
"2","C","254","65","446126"
"2","O","254","83","312474"
"2","A","255","38","572248"
"2","C","255","33","231284"
"2","O","255","71","277403"
"2","A","256","8","56011"
"2","C","256","2","8228"
"2","O","256","7","22748"
"2","A","257","22","192650"
"2","C","257","13","53506"
"2","O","257","87","165941"
"2","A","258","33","324515"
"2","C","258","13","69254"
"2","O","258","16","59574"
"2","A","259","24","146142"
"2","C","259","11","29928"
"2","O","259","14","36795"
"2","A","260","17","274282"
"2","C","260","12","88836"
"2","O","260","16","116956"
"2","A","261","85","1231057"
"2","C","261","39","287406"
"2","O","261","30","183556"
"2","A","262","30","262089"
"2","C","262","35","173224"
"2","O","262","31","109386"
"2","A","263","225","1191901"
"2","C","263","254","530119"
"2","O","263","263","405391"
"2","A","264","115","476152"
"2","C","264","143","239317"
"2","O","264","126","151676"
"2","A","265","167","1525830"
"2","C","265","122","605403"
"2","O","265","222","513824"
"2","A","266","13","54910"
"2","C","266","5","11983"
"2","O","266","35","39771"
"2","A","267","71","275219"
"2","C","267","126","231740"
"2","O","267","110","109497"
"2","A","268","6","23702"
"2","C","268","5","11112"
"2","O","268","7","9112"
"2","A","270","196","3506678"
"2","C","270","483","1615443"
"2","O","270","640","1144532"
"2","A","271","214","2531478"
"2","C","271","96","697292"
"2","O","271","135","768354"
"2","A","272","652","8931308"
"2","C","272","667","3359962"
"2","O","272","796","3040164"
"2","A","273","385","4758852"
"2","C","273","302","1902769"
"2","O","273","439","1599450"
"2","A","274","120","2674605"
"2","C","274","63","747806"
"2","O","274","53","426833"
"2","A","275","2842","16076405"
"2","C","275","3871","5795938"
"2","O","275","4991","5626540"
"2","A","276","1076","7618083"
"2","C","276","1493","2387296"
"2","O","276","1613","1765024"
"2","A","277","124","2214940"
"2","C","277","75","664194"
"2","O","277","153","774139"
"2","A","278","1683","9212501"
"2","C","278","1387","3593887"
"2","O","278","1430","3548639"
"2","A","279","198","1830844"
"2","C","279","99","626474"
"2","O","279","943","1126442"
"2","A","280","1098","10282453"
"2","C","280","1443","3792373"
"2","O","280","1801","3432500"
"2","A","281","763","7964075"
"2","C","281","1106","3291164"
"2","O","281","1219","2475991"
"2","A","282","916","11919301"
"2","C","282","641","3932047"
"2","O","282","623","2914532"
"2","A","283","1311","13754705"
"2","C","283","2709","5715475"
"2","O","283","4045","5461904"
"2","A","284","1245","6954175"
"2","C","284","1237","2363057"
"2","O","284","1348","2927624"
"2","A","285","1045","8103565"
"2","C","285","1123","3040367"
"2","O","285","1922","3107866"
"2","A","286","813","10316189"
"2","C","286","4128","3841249"
"2","O","286","6077","4331204"
"2","A","287","1141","8483200"
"2","C","287","1017","2910898"
"2","O","287","1368","4386108"
"2","A","288","365","1617016"
"2","C","288","93","381232"
"2","O","288","219","637937"
"2","A","289","9","32900"
"2","C","289","1","1989"
"2","O","289","26","55147"
"2","A","290","577","6110877"
"2","C","290","583","2582835"
"2","O","290","563","1743587"
"2","A","291","326","5262015"
"2","C","291","317","2202644"
"2","O","291","290","1674455"
"2","A","292","380","4640664"
"2","C","292","416","1717718"
"2","O","292","482","1201042"
"2","A","293","691","6026295"
"2","C","293","825","2379055"
"2","O","293","626","1537930"
"2","A","294","971","11515703"
"2","C","294","1313","4618084"
"2","O","294","1153","3531902"
"2","A","295","1157","9990613"
"2","C","295","1314","3876089"
"2","O","295","1600","4287344"
"2","A","296","1758","15674957"
"2","C","296","2439","5865972"
"2","O","296","2377","5465766"
"2","A","297","639","4719706"
"2","C","297","852","1954304"
"2","O","297","719","1403696"
"2","A","298","107","1748032"
"2","C","298","56","693067"
"2","O","298","50","377716"
"2","A","299","100","1416437"
"2","C","299","188","734140"
"2","O","299","252","1029768"
"2","A","300","2109","37443695"
"2","C","300","4381","13371833"
"2","O","300","4414","10259215"
"2","A","301","2281","17281048"
"2","C","301","2550","6697447"
"2","O","301","2695","5899484"
"2","A","302","694","14409672"
"2","C","302","1644","6090963"
"2","O","302","2258","4323735"
"2","A","303","617","16791138"
"2","C","303","625","4870255"
"2","O","303","1114","3744884"
"2","A","304","165","2434362"
"2","C","304","134","1145620"
"2","O","304","273","938063"
"2","A","305","256","6554137"
"2","C","305","350","2787463"
"2","O","305","551","2960353"
"2","A","306","201","4014671"
"2","C","306","247","1687944"
"2","O","306","362","1331107"
"2","A","307","462","5402607"
"2","C","307","363","1999350"
"2","O","307","379","1802479"
"2","A","308","334","2317030"
"2","C","308","158","885718"
"2","O","308","86","380515"
"2","A","309","337","2867798"
"2","C","309","144","961245"
"2","O","309","101","588600"
"2","A","310","361","6813180"
"2","C","310","539","3288838"
"2","O","310","785","2872916"
"2","A","312","49","743120"
"2","C","312","523","1093952"
"2","O","312","508","534564"
"2","A","313","259","2498587"
"2","C","313","511","1207167"
"2","O","313","614","610159"
"2","A","314","356","3170486"
"2","C","314","351","1366158"
"2","O","314","461","1171109"
"2","A","315","253","4334408"
"2","C","315","186","1847417"
"2","O","315","260","1485574"
"2","A","316","102","1406568"
"2","C","316","79","652888"
"2","O","316","107","442979"
"2","A","317","912","8131297"
"2","C","317","1147","3754082"
"2","O","317","1597","2895898"
"2","A","318","59","425300"
"2","C","318","67","226170"
"2","O","318","63","146699"
"2","A","319","120","1785894"
"2","C","319","67","588512"
"2","O","319","52","343679"
"2","A","320","485","8062454"
"2","C","320","288","3174800"
"2","O","320","271","2368812"
"2","A","321","476","6937534"
"2","C","321","469","2440287"
"2","O","321","810","3856030"
"2","A","322","607","14968765"
"2","C","322","529","5637252"
"2","O","322","583","3715264"
"2","A","323","19","1101973"
"2","C","323","30","726008"
"2","O","323","56","501650"
"2","A","324","143","3133232"
"2","C","324","394","1868171"
"2","O","324","721","1430940"
"2","A","325","590","10630164"
"2","C","325","579","4146155"
"2","O","325","660","3729709"
"2","A","326","212","3378909"
"2","C","326","108","1071042"
"2","O","326","151","845827"
"2","A","327","917","14499137"
"2","C","327","1355","5478144"
"2","O","327","1361","5418710"
"2","A","328","1112","14237105"
"2","C","328","808","4996168"
"2","O","328","806","4021637"
"2","A","329","152","6121009"
"2","C","329","194","2505512"
"2","O","329","144","2030212"
"2","A","330","599","25062413"
"2","C","330","3948","9737830"
"2","O","330","4644","11110517"
"2","A","331","512","30854211"
"2","C","331","2189","11309152"
"2","O","331","3081","11084133"
"2","A","333","488","13058366"
"2","C","333","2259","4575335"
"2","O","333","2623","5802865"
"2","A","334","1106","20287807"
"2","C","334","2083","7211182"
"2","O","334","2905","14270175"
"2","A","335","200","6402055"
"2","C","335","99","2078211"
"2","O","335","118","2114415"
"2","A","336","421","10945920"
"2","C","336","155","3136519"
"2","O","336","232","3324146"
"2","A","337","432","11743859"
"2","C","337","543","3692973"
"2","O","337","837","6492398"
"2","A","338","343","8828930"
"2","C","338","842","3856169"
"2","O","338","678","5176105"
"2","A","339","631","8475163"
"2","C","339","1577","3042805"
"2","O","339","1661","6540172"
"2","A","341","53","1689559"
"2","C","341","78","886007"
"2","O","341","142","1661948"
"2","A","342","328","7269210"
"2","C","342","148","2176819"
"2","O","342","198","5241541"
"2","A","344","90","2374232"
"2","C","344","426","1798998"
"2","O","344","496","2614933"
"2","A","346","192","5970984"
"2","C","346","271","2565135"
"2","O","346","441","4383970"
"2","A","347","1496","6582827"
"2","C","347","906","2585964"
"2","O","347","900","3229367"
"2","A","349","99","2529692"
"2","C","349","121","1624425"
"2","O","349","231","3113283"
"2","A","350","54","2221853"
"2","C","350","50","940750"
"2","O","350","62","847788"
"2","A","351","47","1361765"
"2","C","351","89","1011802"
"2","O","351","77","630519"
"2","A","352","47","2751845"
"2","C","352","35","865868"
"2","O","352","53","798205"
"2","A","354","194","1484232"
"2","C","354","244","1063567"
"2","O","354","240","626844"
"2","A","355","66","984441"
"2","C","355","43","291332"
"2","O","355","56","333663"
"2","A","356","152","3733112"
"2","C","356","65","1151113"
"2","O","356","78","786848"
"2","A","357","22","480328"
"2","C","357","6","76956"
"2","O","357","4","51451"
"2","A","359","37","1114460"
"2","C","359","10","217055"
"2","O","359","21","217699"
"2","A","360","86","2092982"
"2","C","360","174","1365895"
"2","O","360","218","703237"
"2","A","361","130","2056553"
"2","C","361","97","904284"
"2","O","361","146","537180"
"2","A","362","39","634135"
"2","C","362","19","193057"
"2","O","362","34","236013"
"2","A","363","10","229748"
"2","C","363","1393","1477169"
"2","O","363","1578","485108"
"2","A","364","3","43939"
"2","C","364","14","100392"
"2","O","364","46","112408"
"2","A","365","333","4189213"
"2","C","365","204","1743990"
"2","O","365","177","1426082"
"2","A","366","39","1193739"
"2","C","366","236","1408478"
"2","O","366","225","730781"
"2","A","367","78","757102"
"2","C","367","56","362399"
"2","O","367","65","235268"
"2","A","368","119","2007903"
"2","C","368","33","412757"
"2","O","368","31","260564"
"2","A","370","1455","13576731"
"2","C","370","3226","5229091"
"2","O","370","3072","4620224"
"2","A","371","650","8011112"
"2","C","371","1876","3482676"
"2","O","371","2236","2220488"
"2","A","372","308","6559725"
"2","C","372","362","2253486"
"2","O","372","361","1622986"
"2","A","373","826","9054209"
"2","C","373","975","3546996"
"2","O","373","1203","3284204"
"2","A","374","233","2415109"
"2","C","374","97","684531"
"2","O","374","155","627469"
"2","A","376","788","6912571"
"2","C","376","679","2289721"
"2","O","376","745","2493648"
"2","A","377","638","5276697"
"2","C","377","347","1791804"
"2","O","377","564","1926268"
"2","A","378","787","8465876"
"2","C","378","554","2831786"
"2","O","378","707","3034488"
"2","A","379","472","5522341"
"2","C","379","592","2148847"
"2","O","379","702","1064400"
"2","A","380","108","3396177"
"2","C","380","42","929960"
"2","O","380","37","509175"
"2","A","381","334","11243858"
"2","C","381","121","3631091"
"2","O","381","133","2520792"
"2","A","382","4","60345"
"2","C","382","3","21341"
"2","O","382","5","19965"
"2","A","383","41","1204080"
"2","C","383","22","346568"
"2","O","383","28","722992"
"2","A","384","174","1756363"
"2","C","384","177","652161"
"2","O","384","109","518211"
"2","A","385","109","2029334"
"2","C","385","74","601866"
"2","O","385","126","1033513"
"2","A","386","244","4406043"
"2","C","386","180","2214212"
"2","O","386","136","1024272"
"2","A","387","10","160522"
"2","C","387","3","24539"
"2","O","387","11","68322"
"2","A","388","26","633587"
"2","C","388","533","1477737"
"2","O","388","976","719633"
"2","A","389","2","31955"
"2","C","389","1","9748"
"2","O","389","8","48387"
"2","A","390","41","1153861"
"2","C","390","16","271608"
"2","O","390","20","192518"
"2","A","391","8","274871"
"2","C","391","2","42669"
"2","O","391","11","105582"
"2","A","392","14","457745"
"2","C","392","5","73028"
"2","O","392","2","30725"
"2","A","393","6","169759"
"2","C","393","1","15558"
"2","O","393","9","80398"
"2","A","394","54","1524307"
"2","C","394","42","774053"
"2","O","394","70","748646"
"2","A","395","556","5680203"
"2","C","395","272","2247305"
"2","O","395","259","1425608"
"2","A","397","6","82803"
"2","C","397","19","211362"
"2","O","397","41","185915"
"2","A","400","310","2995145"
"2","C","400","258","1213612"
"2","O","400","283","834520"
"2","A","401","236","1914667"
"2","C","401","147","749157"
"2","O","401","126","364639"
"2","A","402","1649","12682033"
"2","C","402","500","4520608"
"2","O","402","458","4821768"
"2","A","403","36","1198140"
"2","C","403","40","629498"
"2","O","403","27","345795"
"2","A","404","300","2710830"
"2","C","404","304","1063329"
"2","O","404","208","880868"
"2","A","405","31","1129501"
"2","C","405","21","337621"
"2","O","405","17","221930"
"2","A","406","42","231616"
"2","C","406","26","65761"
"2","O","406","16","43949"
"2","A","407","36","411245"
"2","C","407","81","342041"
"2","O","407","83","206145"
"2","A","408","1","6340"
"2","C","408","1","3271"
"2","O","408","4","6088"
"2","A","409","21","206243"
"2","C","409","31","107735"
"2","O","409","44","86392"
"2","A","410","1437","8008989"
"2","C","410","1493","3244953"
"2","O","410","1283","3000690"
"2","A","411","232","1874937"
"2","C","411","153","678349"
"2","O","411","268","920824"
"2","A","412","36","191237"
"2","C","412","31","87050"
"2","O","412","39","96086"
"2","A","413","2","5870"
"2","C","413","4","8805"
"2","O","413","2","2685"
"2","A","415","2","21224"
"2","C","415","1","4480"
"2","O","415","3","13801"
"2","A","420","40","834808"
"2","C","420","11","142994"
"2","O","420","18","221587"
"2","A","421","198","1651388"
"2","C","421","125","646071"
"2","O","421","148","501523"
"2","A","422","71","948373"
"2","C","422","104","598317"
"2","O","422","107","366622"
"2","A","423","56","852828"
"2","C","423","39","367996"
"2","O","423","29","146631"
"2","A","424","25","339790"
"2","C","424","7","45518"
"2","O","424","6","48012"
"2","A","425","13","132580"
"2","C","425","112","249283"
"2","O","425","163","117174"
"2","A","427","42","669055"
"2","C","427","115","593254"
"2","O","427","120","328943"
"2","A","430","350","10392227"
"2","C","430","242","3775353"
"2","O","430","207","2435421"
"2","A","431","274","5322036"
"2","C","431","310","2205092"
"2","O","431","270","1566905"
"2","A","432","169","9428648"
"2","C","432","80","2645173"
"2","O","432","95","2006874"
"2","A","433","92","1230664"
"2","C","433","66","586917"
"2","O","433","76","466162"
"2","A","434","59","1034214"
"2","C","434","76","568559"
"2","O","434","71","308583"
"2","A","435","200","3679866"
"2","C","435","356","1971939"
"2","O","435","360","1115776"
"2","A","436","359","5496706"
"2","C","436","531","2484662"
"2","O","436","475","1938050"
"2","A","437","232","2740322"
"2","C","437","155","1022330"
"2","O","437","160","847723"
"2","A","438","33","200128"
"2","C","438","9","38591"
"2","O","438","23","73331"
"2","A","439","59","1148746"
"2","C","439","19","206280"
"2","O","439","65","609330"
"2","A","440","267","12077005"
"2","C","440","187","4405260"
"2","O","440","144","3293607"
"2","A","441","823","22774018"
"2","C","441","594","8731549"
"2","O","441","498","9270491"
"2","A","442","705","8996288"
"2","C","442","567","3694736"
"2","O","442","673","3087091"
"2","A","443","619","4736239"
"2","C","443","193","1410882"
"2","O","443","240","1691497"
"2","A","444","337","5838220"
"2","C","444","303","2252109"
"2","O","444","347","1711917"
"2","A","445","178","1891647"
"2","C","445","261","956719"
"2","O","445","203","709187"
"2","A","446","198","5081215"
"2","C","446","155","2233944"
"2","O","446","133","1688130"
"2","A","447","90","1710805"
"2","C","447","41","442494"
"2","O","447","63","540807"
"2","A","448","116","3317799"
"2","C","448","64","1104287"
"2","O","448","57","615331"
"2","A","449","21","240042"
"2","C","449","7","44561"
"2","O","449","11","51880"
"2","A","450","1612","9251425"
"2","C","450","1621","3779006"
"2","O","450","1796","3488135"
"2","A","451","562","5087419"
"2","C","451","1103","2339247"
"2","O","451","1009","1616407"
"2","A","452","1724","14918328"
"2","C","452","2233","5888928"
"2","O","452","2349","6282669"
"2","A","453","894","8268933"
"2","C","453","494","3448538"
"2","O","453","556","3062056"
"2","A","454","972","8906295"
"2","C","454","397","3245532"
"2","O","454","533","3389990"
"2","A","455","31","346420"
"2","C","455","14","107009"
"2","O","455","24","97259"
"2","A","456","255","4365556"
"2","C","456","897","2217097"
"2","O","456","900","1979396"
"2","A","457","20","377163"
"2","C","457","16","148952"
"2","O","457","8","58320"
"2","A","458","205","4331862"
"2","C","458","200","2184259"
"2","O","458","293","1958366"
"2","A","460","954","7492525"
"2","C","460","933","3019289"
"2","O","460","718","2455074"
"2","A","461","617","7654068"
"2","C","461","520","3198959"
"2","O","461","540","2363422"
"2","A","462","1326","16030152"
"2","C","462","552","5744913"
"2","O","462","555","5002928"
"2","A","463","934","11125303"
"2","C","463","875","4376962"
"2","O","463","959","4049842"
"2","A","464","113","1356316"
"2","C","464","114","701666"
"2","O","464","126","478532"
"2","A","465","130","4686570"
"2","C","465","95","1873491"
"2","O","465","147","2110254"
"2","A","466","38","501304"
"2","C","466","55","342306"
"2","O","466","64","269754"
"2","A","467","209","3989538"
"2","C","467","209","1893952"
"2","O","467","178","1195801"
"2","A","468","291","4149140"
"2","C","468","186","1677531"
"2","O","468","175","1244452"
"2","A","469","48","1518977"
"2","C","469","94","1021784"
"2","O","469","104","782796"
"2","A","470","227","1441188"
"2","C","470","270","690294"
"2","O","470","358","376850"
"2","A","471","433","4475120"
"2","C","471","178","1360255"
"2","O","471","158","1122999"
"2","A","472","245","2641059"
"2","C","472","216","1012647"
"2","O","472","265","896187"
"2","A","473","274","4878557"
"2","C","473","340","1776192"
"2","O","473","428","2050949"
"2","A","474","418","3992411"
"2","C","474","381","1441461"
"2","O","474","405","1011282"
"2","A","475","68","1008567"
"2","C","475","71","493499"
"2","O","475","143","410927"
"2","A","476","217","1453694"
"2","C","476","144","639715"
"2","O","476","89","278197"
"2","A","477","315","2063622"
"2","C","477","130","667016"
"2","O","477","67","371392"
"2","A","478","172","2046859"
"2","C","478","177","924293"
"2","O","478","237","809217"
"2","A","479","105","2294509"
"2","C","479","83","966258"
"2","O","479","93","635375"
"2","A","480","1155","20617069"
"2","C","480","2197","7279524"
"2","O","480","1644","5912835"
"2","A","481","1537","28435924"
"2","C","481","2802","10503315"
"2","O","481","2332","8237650"
"2","A","482","646","19664484"
"2","C","482","958","8985136"
"2","O","482","799","7113895"
"2","A","483","921","17384523"
"2","C","483","1502","6423110"
"2","O","483","1207","4006964"
"2","A","484","833","7980744"
"2","C","484","889","3316822"
"2","O","484","876","3031866"
"2","A","485","478","3512614"
"2","C","485","390","1531227"
"2","O","485","618","1367957"
"2","A","486","506","6634426"
"2","C","486","836","2901267"
"2","O","486","927","2303844"
"2","A","487","110","1818829"
"2","C","487","101","716128"
"2","O","487","101","454263"
"2","A","488","606","10757943"
"2","C","488","785","4457812"
"2","O","488","639","2068290"
"2","A","489","221","2306457"
"2","C","489","440","993276"
"2","O","489","721","477225"
"2","A","490","1843","13254607"
"2","C","490","2389","5509630"
"2","O","490","2145","4608869"
"2","A","491","96","863338"
"2","C","491","175","529283"
"2","O","491","118","167027"
"2","A","492","384","5503266"
"2","C","492","642","2425001"
"2","O","492","534","1427014"
"2","A","493","698","4727814"
"2","C","493","804","2314826"
"2","O","493","608","1318949"
"2","A","494","1615","9453823"
"2","C","494","1194","4225263"
"2","O","494","994","3818746"
"2","A","495","1290","7385364"
"2","C","495","1042","3039725"
"2","O","495","1290","2337044"
"2","A","496","372","3609868"
"2","C","496","271","1579655"
"2","O","496","174","857404"
"2","A","497","64","1486349"
"2","C","497","59","613378"
"2","O","497","59","498630"
"2","A","498","78","1288021"
"2","C","498","68","618219"
"2","O","498","60","403064"
"2","A","499","33","308142"
"2","C","499","56","256959"
"2","O","499","33","96845"
"2","A","500","43","982860"
"2","C","500","94","644232"
"2","O","500","78","359118"
"2","A","501","84","1189525"
"2","C","501","154","885170"
"2","O","501","110","477858"
"2","A","502","115","1611646"
"2","C","502","164","1078110"
"2","O","502","141","464268"
"2","A","503","67","1795842"
"2","C","503","160","1132645"
"2","O","503","244","627597"
"2","A","505","23","291945"
"2","C","505","9","84655"
"2","O","505","34","216682"
"2","A","506","21","390814"
"2","C","506","31","334277"
"2","O","506","28","116925"
"2","A","507","2","20981"
"2","C","507","10","38317"
"2","O","507","5","26081"
"2","A","508","18","61840"
"2","C","508","17","31618"
"2","O","508","38","44567"
"2","A","510","440","1081338"
"2","C","510","426","555319"
"2","O","510","514","499970"
"2","A","511","224","949762"
"2","C","511","285","554796"
"2","O","511","556","363153"
"2","A","512","152","335193"
"2","C","512","184","235602"
"2","O","512","158","134250"
"2","A","513","104","400221"
"2","C","513","130","207202"
"2","O","513","154","188507"
"2","A","514","98","357688"
"2","C","514","57","179991"
"2","O","514","85","134568"
"2","A","515","165","1566359"
"2","C","515","122","644716"
"2","O","515","111","393538"
"2","A","516","104","234775"
"2","C","516","92","110209"
"2","O","516","78","77841"
"2","A","520","187","1488528"
"2","C","520","266","906459"
"2","O","520","183","528483"
"2","A","521","84","467236"
"2","C","521","150","362391"
"2","O","521","109","190301"
"2","A","522","80","1096402"
"2","C","522","116","651523"
"2","O","522","114","317422"
"2","A","523","67","867395"
"2","C","523","171","701843"
"2","O","523","150","392277"
"2","A","524","88","844215"
"2","C","524","234","609587"
"2","O","524","267","412973"
"2","A","525","6","95746"
"2","C","525","8","45888"
"2","O","525","15","66647"
"2","A","526","52","629854"
"2","C","526","49","281175"
"2","O","526","94","236923"
"2","A","527","15","316094"
"2","C","527","6","72922"
"2","O","527","3","43592"
"2","A","528","19","230496"
"2","C","528","2","14602"
"2","O","528","5","23572"
"2","A","530","107","5347380"
"2","C","530","168","3136931"
"2","O","530","205","2375293"
"2","A","531","182","8477713"
"2","C","531","349","4099502"
"2","O","531","394","2445780"
"2","A","532","409","13278111"
"2","C","532","727","5751755"
"2","O","532","872","4112869"
"2","A","534","7","108146"
"2","C","534","8","57255"
"2","O","534","7","68852"
"2","A","535","116","4716690"
"2","C","535","97","1910211"
"2","O","535","100","1398866"
"2","A","537","4","204900"
"2","C","537","1","12494"
"2","O","537","12","84782"
"2","A","539","27","555352"
"2","C","539","25","305155"
"2","O","539","25","195830"
"2","A","540","39","553950"
"2","C","540","47","312146"
"2","O","540","33","113384"
"2","A","541","342","3583490"
"2","C","541","490","1699148"
"2","O","541","494","1304952"
"2","A","542","404","1909317"
"2","C","542","352","846571"
"2","O","542","323","688628"
"2","A","543","250","2474953"
"2","C","543","274","1146230"
"2","O","543","316","595557"
"2","A","544","595","6146430"
"2","C","544","753","2848400"
"2","O","544","882","2297304"
"2","A","545","55","394302"
"2","C","545","57","220046"
"2","O","545","52","252808"
"2","A","547","20","468159"
"2","C","547","14","285570"
"2","O","547","21","233739"
"2","A","548","116","1572349"
"2","C","548","178","905581"
"2","O","548","228","698118"
"2","A","549","318","6914576"
"2","C","549","690","3105478"
"2","O","549","840","2062174"
"2","A","550","60","2894682"
"2","C","550","142","3164945"
"2","O","550","183","1478140"
"2","A","551","78","6152519"
"2","C","551","299","4725517"
"2","O","551","234","2187300"
"2","A","553","122","8620102"
"2","C","553","290","5423242"
"2","O","553","293","2528211"
"2","A","554","253","15166316"
"2","C","554","716","5789170"
"2","O","554","858","4121823"
"2","A","557","10","207053"
"2","C","557","9","87247"
"2","O","557","44","219798"
"2","A","558","67","781886"
"2","C","558","92","431031"
"2","O","558","127","252175"
"2","A","559","12","349650"
"2","C","559","8","191402"
"2","O","559","3","79057"
"2","A","560","6","137974"
"2","C","560","4","50202"
"2","O","560","7","111482"
"2","A","561","132","814035"
"2","C","561","267","566219"
"2","O","561","634","506564"
"2","A","562","3","57320"
"2","C","562","5","54468"
"2","O","562","2","58716"
"2","A","563","212","3498585"
"2","C","563","291","1928113"
"2","O","563","183","900508"
"2","A","570","156","1522417"
"2","C","570","156","706134"
"2","O","570","195","514972"
"2","A","571","7","145605"
"2","C","571","15","77426"
"2","O","571","11","60165"
"2","A","572","309","868115"
"2","C","572","597","518435"
"2","O","572","805","506126"
"2","A","573","7","64032"
"2","C","573","7","30677"
"2","O","573","16","53216"
"2","A","574","213","604708"
"2","C","574","432","353875"
"2","O","574","491","238777"
"2","A","575","21","87332"
"2","C","575","18","71952"
"2","O","575","58","78848"
"2","A","576","12","18986"
"2","C","576","20","33692"
"2","O","576","21","23125"
"2","A","580","1","7942"
"2","C","580","2","11019"
"2","O","580","1","2754"
"2","A","584","15","77351"
"2","C","584","36","64231"
"2","O","584","25","30400"
"2","A","587","3","22141"
"2","C","587","2","12626"
"2","O","587","2","5508"
"2","A","590","4","45029"
"2","C","590","7","45001"
"2","O","590","4","9692"
"2","A","591","12","150085"
"2","C","591","18","114317"
"2","O","591","8","38812"
"2","A","592","2","5932"
"2","C","592","2","6175"
"2","O","592","1","3124"
"2","A","593","3","9300"
"2","C","593","1","2643"
"2","O","593","2","1598"
"2","A","594","3","46944"
"2","C","594","1","9052"
"2","O","594","1","6239"
"2","A","595","1","3844"
"2","C","595","1","2386"
"2","O","595","1","2351"
"2","A","596","5","46606"
"2","C","596","3","14765"
"2","O","596","1","5275"
"2","A","597","1","23202"
"2","C","597","4","38175"
"2","O","597","0","9294"
"2","A","598","9","206506"
"2","C","598","19","186756"
"2","O","598","15","107928"
"2","A","599","3","41157"
"2","C","599","6","43544"
"2","O","599","6","35015"
"2","A","600","771","27557650"
"2","C","600","1480","11332628"
"2","O","600","1359","10079009"
"2","A","601","547","24689878"
"2","C","601","1467","9566398"
"2","O","601","1495","6594795"
"2","A","602","7","84835"
"2","C","602","33","135748"
"2","O","602","57","106849"
"2","A","603","23","193656"
"2","C","603","40","142373"
"2","O","603","23","52253"
"2","A","604","578","21769530"
"2","C","604","602","9654526"
"2","O","604","573","7976269"
"2","A","605","265","13219866"
"2","C","605","513","6141092"
"2","O","605","602","3164271"
"2","A","606","795","52961368"
"2","C","606","645","19420145"
"2","O","606","1440","17560048"
"2","A","607","22","292593"
"2","C","607","26","130335"
"2","O","607","36","185511"
"2","A","608","33","645654"
"2","C","608","32","352457"
"2","O","608","37","226670"
"2","A","609","31","590771"
"2","C","609","23","218991"
"2","O","609","19","181546"
"2","A","610","329","4253583"
"2","C","610","391","1958075"
"2","O","610","341","1666051"
"2","A","611","3","95969"
"2","C","611","3","47898"
"2","O","611","3","26029"
"2","A","612","82","1546835"
"2","C","612","64","608665"
"2","O","612","88","758502"
"2","A","613","49","747606"
"2","C","613","35","292509"
"2","O","613","53","339015"
"2","A","614","24","442774"
"2","C","614","24","165960"
"2","O","614","19","136693"
"2","A","615","44","1012442"
"2","C","615","61","507436"
"2","O","615","64","411818"
"2","A","616","2","45580"
"2","C","616","3","36757"
"2","O","616","2","20492"
"2","A","617","28","793316"
"2","C","617","46","555633"
"2","O","617","49","379504"
"2","A","618","38","1137934"
"2","C","618","37","599955"
"2","O","618","42","345772"
"2","A","619","40","486983"
"2","C","619","36","205246"
"2","O","619","26","110502"
"2","A","620","61","1621354"
"2","C","620","92","1181017"
"2","O","620","76","812773"
"2","A","622","57","2745193"
"2","C","622","48","1142524"
"2","O","622","67","846452"
"2","A","623","13","120429"
"2","C","623","8","64596"
"2","O","623","7","34485"
"2","A","624","148","1481221"
"2","C","624","182","820508"
"2","O","624","251","709160"
"2","A","625","143","2276122"
"2","C","625","116","679342"
"2","O","625","106","736597"
"2","A","626","321","2313686"
"2","C","626","304","1044193"
"2","O","626","198","741122"
"2","A","627","135","1375584"
"2","C","627","78","458498"
"2","O","627","87","383383"
"2","A","628","73","1267594"
"2","C","628","126","765228"
"2","O","628","205","786463"
"2","A","629","7","185543"
"2","C","629","4","65029"
"2","O","629","4","21645"
"2","A","630","61","3820029"
"2","C","630","11","477587"
"2","O","630","38","596765"
"2","A","631","70","6203103"
"2","C","631","11","672032"
"2","O","631","22","931685"
"2","A","633","11","548436"
"2","C","633","7","178347"
"2","O","633","7","135733"
"2","A","636","2","34034"
"2","C","636","1","9482"
"2","O","636","1","4473"
"2","A","638","16","207811"
"2","C","638","11","101992"
"2","O","638","13","97606"
"2","A","639","3","30025"
"2","C","639","1","5922"
"2","O","639","5","19734"
"2","A","640","299","8081982"
"2","C","640","404","3800066"
"2","O","640","286","2604524"
"2","A","641","277","7875789"
"2","C","641","528","3420262"
"2","O","641","396","2790944"
"2","A","644","23","210453"
"2","C","644","22","151977"
"2","O","644","16","55176"
"2","A","645","3","35666"
"2","C","645","1","6001"
"2","O","645","2","10354"
"2","A","646","125","635126"
"2","C","646","170","396752"
"2","O","646","72","235701"
"2","A","647","10","118207"
"2","C","647","8","66290"
"2","O","647","14","72265"
"2","A","648","68","1134057"
"2","C","648","105","707729"
"2","O","648","191","611431"
"2","A","650","25","348270"
"2","C","650","36","270282"
"2","O","650","42","217690"
"2","A","651","67","449023"
"2","C","651","43","140755"
"2","O","651","64","90273"
"2","A","652","133","2548582"
"2","C","652","47","575855"
"2","O","652","43","388545"
"2","A","653","41","434345"
"2","C","653","13","79991"
"2","O","653","17","73907"
"2","A","655","6","78961"
"2","C","655","2","15107"
"2","O","655","3","9687"
"2","A","656","2","43419"
"2","C","656","3","37675"
"2","O","656","2","53303"
"2","A","657","5","114515"
"2","C","657","2","36361"
"2","O","657","3","60158"
"2","A","660","316","6611791"
"2","C","660","191","2314985"
"2","O","660","220","1454131"
"2","A","661","108","1467625"
"2","C","661","50","394552"
"2","O","661","55","294355"
"2","A","662","187","4283388"
"2","C","662","71","1089941"
"2","O","662","104","1035559"
"2","A","664","21","191041"
"2","C","664","18","73311"
"2","O","664","21","59741"
"2","A","665","17","276162"
"2","C","665","9","62291"
"2","O","665","17","60062"
"2","A","666","51","884274"
"2","C","666","2","21331"
"2","O","666","14","102931"
"2","A","667","115","1003793"
"2","C","667","123","493778"
"2","O","667","65","233539"
"2","A","669","2","5573"
"2","C","669","4","5708"
"2","O","669","2","4170"
"2","A","670","24","416615"
"2","C","670","5","109782"
"2","O","670","21","142626"
"2","A","671","7","94474"
"2","C","671","5","50253"
"2","O","671","8","69124"
"2","A","672","7","368599"
"2","C","672","6","172884"
"2","O","672","15","246536"
"2","A","673","11","88434"
"2","C","673","6","28026"
"2","O","673","3","9664"
"2","A","674","1","17070"
"2","C","674","3","30031"
"2","O","674","5","29934"
"2","A","675","3","38876"
"2","C","675","4","36505"
"2","O","675","5","25766"
"2","A","680","288","2300819"
"2","C","680","302","1144876"
"2","O","680","380","696939"
"2","A","681","676","8956027"
"2","C","681","441","3753830"
"2","O","681","414","1861665"
"2","A","683","72","524991"
"2","C","683","89","314712"
"2","O","683","99","181519"
"2","A","684","38","258787"
"2","C","684","64","202201"
"2","O","684","119","159614"
"2","A","685","95","2260527"
"2","C","685","415","1534805"
"2","O","685","757","583454"
"2","A","686","41","294660"
"2","C","686","26","130068"
"2","O","686","41","122868"
"2","A","687","97","869313"
"2","C","687","118","513289"
"2","O","687","180","502605"
"2","A","688","120","1105036"
"2","C","688","99","553529"
"2","O","688","173","429592"
"2","A","689","109","543074"
"2","C","689","94","278241"
"2","O","689","142","264043"
"2","A","690","12","24705"
"2","C","690","14","22799"
"2","O","690","5","8437"
"2","A","700","73","4704271"
"2","C","700","58","2164448"
"2","O","700","96","1514083"
"2","A","701","30","1698482"
"2","C","701","10","352622"
"2","O","701","22","455451"
"2","A","703","29","860339"
"2","C","703","42","591258"
"2","O","703","38","322820"
"2","A","704","137","3930903"
"2","C","704","224","2232448"
"2","O","704","191","1008905"
"2","A","705","857","9782630"
"2","C","705","831","4814882"
"2","O","705","1066","3174025"
"2","A","706","93","2050071"
"2","C","706","99","1166807"
"2","O","706","134","624721"
"2","A","707","194","4151638"
"2","C","707","105","1519096"
"2","O","707","75","773968"
"2","A","708","332","5415280"
"2","C","708","78","1355735"
"2","O","708","78","828547"
"2","A","710","102","1451672"
"2","C","710","42","505867"
"2","O","710","40","360898"
"2","A","711","413","4524913"
"2","C","711","97","1059727"
"2","O","711","103","1108622"
"2","A","712","446","4907132"
"2","C","712","393","2486268"
"2","O","712","616","1499437"
"2","A","713","26","567731"
"2","C","713","118","889392"
"2","O","713","168","619255"
"2","A","714","38","750982"
"2","C","714","76","699786"
"2","O","714","107","452238"
"2","A","716","10","217732"
"2","C","716","4","53505"
"2","O","716","9","87275"
"2","A","717","25","335024"
"2","C","717","22","160298"
"2","O","717","34","189419"
"2","A","718","97","874152"
"2","C","718","147","601052"
"2","O","718","190","520877"
"2","A","719","1","18640"
"2","C","719","3","30908"
"2","O","719","2","12066"
"2","A","720","17","637520"
"2","C","720","5","128628"
"2","O","720","7","65073"
"2","A","721","4","153254"
"2","C","721","6","84704"
"2","O","721","1","11553"
"2","A","723","10","219126"
"2","C","723","2","33301"
"2","O","723","2","23552"
"2","A","724","6","168349"
"2","C","724","3","44259"
"2","O","724","3","39597"
"2","A","725","134","797705"
"2","C","725","54","231102"
"2","O","725","65","267127"
"2","A","727","3","142909"
"2","C","727","3","49107"
"2","O","727","1","14780"
"2","A","730","1183","10293896"
"2","C","730","1065","4289632"
"2","O","730","1087","3568959"
"2","A","731","1229","10598556"
"2","C","731","700","4083073"
"2","O","731","1172","4141253"
"2","A","734","55","456963"
"2","C","734","44","169234"
"2","O","734","75","285594"
"2","A","735","189","2423328"
"2","C","735","112","812577"
"2","O","735","316","1023272"
"2","A","736","13","67696"
"2","C","736","9","28063"
"2","O","736","16","42797"
"2","A","737","280","1305482"
"2","C","737","271","596290"
"2","O","737","381","626139"
"2","A","738","12","43331"
"2","C","738","5","8214"
"2","O","738","3","3277"
"2","A","739","7","26640"
"2","C","739","10","20530"
"2","O","739","39","24763"
"2","A","740","938","8879815"
"2","C","740","1407","3900814"
"2","O","740","1503","2770702"
"2","A","741","427","6619639"
"2","C","741","834","2745615"
"2","O","741","741","1790897"
"2","A","743","221","1217550"
"2","C","743","211","641681"
"2","O","743","275","684937"
"2","A","744","220","2239432"
"2","C","744","124","736653"
"2","O","744","223","926272"
"2","A","745","62","415282"
"2","C","745","61","197097"
"2","O","745","84","158246"
"2","A","746","123","532478"
"2","C","746","59","182465"
"2","O","746","153","193322"
"2","A","747","35","273279"
"2","C","747","42","186811"
"2","O","747","74","152241"
"2","A","748","260","2189722"
"2","C","748","289","969697"
"2","O","748","630","891639"
"2","A","749","15","200278"
"2","C","749","7","58861"
"2","O","749","7","77635"
"2","A","750","3536","31708017"
"2","C","750","3095","11964026"
"2","O","750","4376","9111205"
"2","A","751","1071","10892489"
"2","C","751","989","5019550"
"2","O","751","1016","3613340"
"2","A","752","1182","24246880"
"2","C","752","1657","8848142"
"2","O","752","2539","7921562"
"2","A","754","272","3852767"
"2","C","754","222","1730485"
"2","O","754","265","1496377"
"2","A","755","246","1538884"
"2","C","755","253","718869"
"2","O","755","365","688557"
"2","A","756","179","3435720"
"2","C","756","204","1892251"
"2","O","756","320","1471960"
"2","A","757","335","3738127"
"2","C","757","326","1809050"
"2","O","757","349","1373100"
"2","A","758","198","1161614"
"2","C","758","104","343860"
"2","O","758","132","427121"
"2","A","759","33","879048"
"2","C","759","30","431731"
"2","O","759","95","624433"
"2","A","760","2846","18480469"
"2","C","760","4284","7301468"
"2","O","760","5070","6156254"
"2","A","761","1642","14269410"
"2","C","761","2673","5721850"
"2","O","761","3592","5266709"
"2","A","762","801","5081408"
"2","C","762","1396","2074373"
"2","O","762","1960","1608299"
"2","A","763","90","1392417"
"2","C","763","74","604790"
"2","O","763","67","461382"
"2","A","764","93","928183"
"2","C","764","70","375957"
"2","O","764","132","468124"
"2","A","765","307","5898507"
"2","C","765","374","2697945"
"2","O","765","609","2162555"
"2","A","766","175","1596157"
"2","C","766","154","696836"
"2","O","766","183","611134"
"2","A","767","107","1280326"
"2","C","767","111","595325"
"2","O","767","148","438299"
"2","A","768","6","63500"
"2","C","768","4","28320"
"2","O","768","15","76644"
"2","A","769","104","784948"
"2","C","769","65","288666"
"2","O","769","109","232481"
"2","A","770","1357","49592579"
"2","C","770","8011","19603897"
"2","O","770","9861","14906702"
"2","A","773","840","13950582"
"2","C","773","4159","5975331"
"2","O","773","4235","4509794"
"2","A","774","560","11671470"
"2","C","774","3107","5649186"
"2","O","774","3274","2891992"
"2","A","775","684","16984346"
"2","C","775","1567","7464868"
"2","O","775","2064","4650413"
"2","A","776","207","3583358"
"2","C","776","139","1415513"
"2","O","776","131","1022743"
"2","A","777","219","1652081"
"2","C","777","105","540920"
"2","O","777","91","386112"
"2","A","778","402","3904385"
"2","C","778","410","1757596"
"2","O","778","452","1066450"
"2","A","779","97","1072908"
"2","C","779","60","419498"
"2","O","779","80","400524"
"2","A","780","168","4228966"
"2","C","780","204","2747491"
"2","O","780","237","1784960"
"2","A","781","178","3551889"
"2","C","781","140","1756099"
"2","O","781","202","1334376"
"2","A","782","487","22361076"
"2","C","782","667","10187776"
"2","O","782","842","7541919"
"2","A","783","64","1387184"
"2","C","783","59","762598"
"2","O","783","36","370962"
"2","A","784","27","858344"
"2","C","784","61","884182"
"2","O","784","31","330773"
"2","A","785","323","14300071"
"2","C","785","728","9170864"
"2","O","785","1265","7195711"
"2","A","786","505","9313037"
"2","C","786","649","4146550"
"2","O","786","931","2828860"
"2","A","787","753","16426111"
"2","C","787","1084","5442080"
"2","O","787","1718","2881168"
"2","A","788","15","287217"
"2","C","788","19","206592"
"2","O","788","15","107689"
"2","A","789","51","301956"
"2","C","789","65","167189"
"2","O","789","110","157617"
"2","A","790","113","1640259"
"2","C","790","70","827752"
"2","O","790","94","726468"
"2","A","791","335","2980330"
"2","C","791","116","910546"
"2","O","791","196","964108"
"2","A","792","9","40110"
"2","C","792","2","5095"
"2","O","792","8","19546"
"2","A","793","61","683524"
"2","C","793","73","437088"
"2","O","793","118","495821"
"2","A","794","11","318414"
"2","C","794","7","105804"
"2","O","794","15","91462"
"2","A","795","28","246938"
"2","C","795","15","77553"
"2","O","795","18","83784"
"2","A","796","21","305513"
"2","C","796","4","37590"
"2","O","796","16","90234"
"2","A","797","80","2295543"
"2","C","797","64","1336462"
"2","O","797","90","689609"
"2","A","798","9","74472"
"2","C","798","10","48841"
"2","O","798","7","30998"
"2","A","799","162","6422428"
"2","C","799","159","3754381"
"2","O","799","89","1805673"
"2","A","800","766","12916827"
"2","C","800","2393","5098983"
"2","O","800","2872","3263590"
"2","A","801","787","10195748"
"2","C","801","2116","3979495"
"2","O","801","2561","2212207"
"2","A","802","847","17938770"
"2","C","802","1830","5932060"
"2","O","802","3660","4910426"
"2","A","803","38","606984"
"2","C","803","85","347076"
"2","O","803","95","141536"
"2","A","804","328","3286350"
"2","C","804","416","1187074"
"2","O","804","511","637841"
"2","A","805","309","6277515"
"2","C","805","333","2653437"
"2","O","805","299","1083328"
"2","A","806","109","1577399"
"2","C","806","118","892406"
"2","O","806","193","512319"
"2","A","807","20","151955"
"2","C","807","11","57798"
"2","O","807","4","19784"
"2","A","808","63","616380"
"2","C","808","76","323855"
"2","O","808","86","165730"
"2","A","809","367","7560110"
"2","C","809","574","3138129"
"2","O","809","634","2107408"
"2","A","810","148","2102902"
"2","C","810","163","1017390"
"2","O","810","259","755981"
"2","A","811","65","417818"
"2","C","811","68","220149"
"2","O","811","128","185633"
"2","A","812","25","182920"
"2","C","812","17","82621"
"2","O","812","19","57043"
"2","A","814","12","103987"
"2","C","814","10","52390"
"2","O","814","5","28826"
"2","A","815","15","191760"
"2","C","815","6","49763"
"2","O","815","4","26195"
"2","A","816","16","285289"
"2","C","816","15","125322"
"2","O","816","21","124439"
"2","A","820","97","927562"
"2","C","820","93","364569"
"2","O","820","183","323054"
"2","A","822","7","22480"
"2","C","822","16","19180"
"2","O","822","4","5461"
"2","A","824","1","5671"
"2","C","824","1","4032"
"2","A","826","83","571139"
"2","C","826","70","274948"
"2","O","826","93","167809"
"2","A","827","24","136694"
"2","C","827","7","23041"
"2","O","827","6","13030"
"2","A","828","48","135583"
"2","C","828","14","31503"
"2","O","828","8","13902"
"2","A","829","34","186884"
"2","C","829","25","70360"
"2","O","829","14","31729"
"2","A","833","93","1114551"
"2","C","833","55","465496"
"2","O","833","71","398214"
"2","A","834","4","77194"
"2","C","834","1","14596"
"2","O","834","1","16308"
"2","A","835","3","26832"
"2","C","835","2","10093"
"2","O","835","0","1490"
"2","A","836","136","3005795"
"2","C","836","81","1067056"
"2","O","836","77","977906"
"2","A","837","115","2457381"
"2","C","837","97","831892"
"2","O","837","75","431290"
"2","A","838","73","1508702"
"2","C","838","73","810118"
"2","O","838","83","621481"
"2","A","840","57","5255229"
"2","C","840","26","2148771"
"2","O","840","28","1012531"
"2","A","841","32","2054929"
"2","C","841","15","575681"
"2","O","841","23","513034"
"2","A","843","2","43100"
"2","C","843","6","85897"
"2","O","843","8","68717"
"2","A","844","2","52872"
"2","C","844","5","70728"
"2","O","844","5","42852"
"2","A","846","4","150059"
"2","C","846","1","29810"
"2","O","846","3","36816"
"2","A","847","8","150967"
"2","C","847","6","77057"
"2","O","847","2","25791"
"2","A","850","574","22029245"
"2","C","850","1008","9076927"
"2","O","850","1327","5964005"
"2","A","852","1002","26081313"
"2","C","852","1406","10056264"
"2","O","852","1958","8934564"
"2","A","853","326","12009512"
"2","C","853","608","5890304"
"2","O","853","654","4018242"
"2","A","855","38","351762"
"2","C","855","52","250392"
"2","O","855","24","96704"
"2","A","856","63","1303599"
"2","C","856","78","842847"
"2","O","856","153","642545"
"2","A","857","476","13862357"
"2","C","857","518","5571950"
"2","O","857","464","3369452"
"2","A","859","26","164883"
"2","C","859","21","114612"
"2","O","859","19","72598"
"2","A","860","17","263254"
"2","C","860","15","209426"
"2","O","860","12","79450"
"2","A","863","4","91941"
"2","C","863","7","61319"
"2","O","863","3","34503"
"2","A","864","24","406464"
"2","C","864","15","136817"
"2","O","864","42","493849"
"2","A","870","8","215850"
"2","C","870","3","59450"
"2","O","870","2","27572"
"2","A","871","19","1587760"
"2","C","871","7","301346"
"2","O","871","16","525448"
"2","A","880","128","2291672"
"2","C","880","313","1674408"
"2","O","880","486","1265510"
"2","A","882","45","618393"
"2","C","882","69","514992"
"2","O","882","60","311885"
"2","A","883","5","61869"
"2","C","883","20","108789"
"2","O","883","14","46249"
"2","A","884","1","2354"
"2","C","884","1","1328"
"2","O","884","1","1954"
"2","A","890","239","5981546"
"2","C","890","219","2405870"
"2","O","890","371","2130507"
"2","A","891","556","19341046"
"2","C","891","551","6709941"
"2","O","891","1248","7218899"
"2","A","894","10","267286"
"2","C","894","35","517494"
"2","O","894","36","410099"
"2","A","895","15","504586"
"2","C","895","49","555072"
"2","O","895","46","446004"
"2","A","897","2","17292"
"2","C","897","1","4611"
"2","O","897","3","14587"
"2","A","898","1","5961"
"2","C","898","1","5105"
"2","A","900","1024","45359874"
"2","C","900","927","17528524"
"2","O","900","1097","11798531"
"2","A","902","1299","23173830"
"2","C","902","864","9510016"
"2","O","902","894","7571983"
"2","A","903","60","947507"
"2","C","903","36","328710"
"2","O","903","41","200621"
"2","A","904","87","811333"
"2","C","904","28","89258"
"2","O","904","90","215290"
"2","A","905","446","3022306"
"2","C","905","172","910255"
"2","O","905","204","690564"
"2","A","906","326","11472078"
"2","C","906","348","5016966"
"2","O","906","403","3377378"
"2","A","907","503","10658886"
"2","C","907","516","4417403"
"2","O","907","532","3532259"
"2","A","908","484","8240898"
"2","C","908","452","3319765"
"2","O","908","659","2454456"
"2","A","910","290","4620042"
"2","C","910","398","1680746"
"2","O","910","281","1336327"
"2","A","911","195","2458973"
"2","C","911","212","722797"
"2","O","911","193","686328"
"2","A","912","207","2927372"
"2","C","912","186","954134"
"2","O","912","131","593399"
"2","A","913","2317","23578119"
"2","C","913","2161","9289392"
"2","O","913","1959","7863085"
"2","A","914","249","4791274"
"2","C","914","208","1583771"
"2","O","914","275","1347806"
"2","A","915","59","718444"
"2","C","915","62","294914"
"2","O","915","32","97841"
"2","A","916","107","2262478"
"2","C","916","102","825964"
"2","O","916","109","481734"
"2","A","917","874","34414536"
"2","C","917","1096","15253730"
"2","O","917","1026","11050675"
"2","A","918","196","1159203"
"2","C","918","268","423115"
"2","O","918","277","309371"
"2","A","919","167","5999650"
"2","C","919","115","2108078"
"2","O","919","167","1557668"
"2","A","920","587","20125394"
"2","C","920","795","8487458"
"2","O","920","850","6525001"
"2","A","921","590","22730226"
"2","C","921","364","7318485"
"2","O","921","446","5660365"
"2","A","922","151","6620320"
"2","C","922","141","2728978"
"2","O","922","196","3294613"
"2","A","923","577","14820182"
"2","C","923","526","7429470"
"2","O","923","520","4391124"
"2","A","924","74","1481383"
"2","C","924","42","742302"
"2","O","924","88","530779"
"2","A","925","513","15657726"
"2","C","925","908","8151833"
"2","O","925","847","6506759"
"2","A","926","1586","23601748"
"2","C","926","1188","7772206"
"2","O","926","1066","6806489"
"2","A","927","182","6785492"
"2","C","927","233","2980495"
"2","O","927","294","1905411"
"2","A","928","626","20566620"
"2","C","928","424","7627522"
"2","O","928","478","5768708"
"2","A","930","320","10582576"
"2","C","930","381","4621141"
"2","O","930","567","2522705"
"2","A","931","259","2980320"
"2","C","931","111","670505"
"2","O","931","114","413151"
"2","A","932","554","11246858"
"2","C","932","1118","5648953"
"2","O","932","1189","3850365"
"2","A","933","109","4047578"
"2","C","933","75","1743110"
"2","O","933","87","1216208"
"2","A","934","257","6844687"
"2","C","934","282","2973380"
"2","O","934","280","2106202"
"2","A","935","414","7159825"
"2","C","935","243","3367796"
"2","O","935","293","2340502"
"2","A","936","282","7403338"
"2","C","936","357","4069726"
"2","O","936","390","2537762"
"2","A","937","330","7506014"
"2","C","937","403","3818407"
"2","O","937","435","2247568"
"2","A","939","363","6382485"
"2","C","939","288","2590015"
"2","O","939","341","1503195"
"2","A","940","555","15164764"
"2","C","940","749","4662235"
"2","O","940","924","3586624"
"2","A","941","254","12513595"
"2","C","941","550","3337702"
"2","O","941","785","2221340"
"2","A","943","65","779623"
"2","C","943","83","348994"
"2","O","943","81","151013"
"2","A","944","91","1213072"
"2","C","944","190","481551"
"2","O","944","271","340245"
"2","A","945","983","40094480"
"2","C","945","1399","14984242"
"2","O","945","1668","13416983"
"2","A","946","142","4899018"
"2","C","946","350","2508808"
"2","O","946","483","1842240"
"2","A","947","103","1416821"
"2","C","947","11","78957"
"2","O","947","47","150831"
"2","A","948","39","783608"
"2","C","948","68","511398"
"2","O","948","114","469268"
"2","A","949","366","6787778"
"2","C","949","423","2041388"
"2","O","949","514","1445783"
"2","A","950","1100","15139304"
"2","C","950","785","5432828"
"2","O","950","674","3975481"
"2","A","951","509","17662693"
"2","C","951","590","6181994"
"2","O","951","537","3152401"
"2","A","952","329","6495718"
"2","C","952","283","3248995"
"2","O","952","457","2649847"
"2","A","953","1238","15021904"
"2","C","953","1380","7280811"
"2","O","953","1547","5943336"
"2","A","954","250","6758922"
"2","C","954","160","2528435"
"2","O","954","162","2121228"
"2","A","955","86","1251086"
"2","C","955","58","447150"
"2","O","955","60","301068"
"2","A","956","490","17936188"
"2","C","956","577","7116291"
"2","O","956","684","5504437"
"2","A","957","106","1757218"
"2","C","957","177","1027707"
"2","O","957","205","615381"
"2","A","958","224","10455052"
"2","C","958","261","4661509"
"2","O","958","385","3909347"
"2","A","959","190","5673653"
"2","C","959","266","2894830"
"2","O","959","191","1783014"
"2","A","960","72","1930248"
"2","C","960","47","729162"
"2","O","960","44","575020"
"2","A","961","23","355297"
"2","C","961","12","81317"
"2","O","961","7","59010"
"2","A","967","94","7353497"
"2","C","967","32","1546171"
"2","O","967","103","3001679"
"2","A","968","4","291503"
"2","C","968","1","22579"
"2","O","968","3","64303"
"2","A","970","468","11788509"
"2","C","970","396","4609258"
"2","O","970","386","2860324"
"2","A","971","113","2690164"
"2","C","971","51","660658"
"2","O","971","122","935414"
"2","A","972","571","14493924"
"2","C","972","265","4068221"
"2","O","972","366","3868508"
"2","A","973","277","8007696"
"2","C","973","271","3341318"
"2","O","973","304","2360672"
"2","A","974","155","6081266"
"2","C","974","174","2337638"
"2","O","974","200","2619335"
"2","A","975","172","3209928"
"2","C","975","136","1155882"
"2","O","975","244","1474590"
"2","A","976","23","130321"
"2","C","976","14","66401"
"2","O","976","23","52270"
"2","A","977","97","1214877"
"2","C","977","80","478762"
"2","O","977","139","503017"
"2","A","978","57","863169"
"2","C","978","19","172918"
"2","O","978","78","300513"
"2","A","980","2030","23024734"
"2","C","980","1374","8423198"
"2","O","980","1173","7136028"
"2","A","981","1468","16684608"
"2","C","981","1078","4250880"
"2","O","981","1244","5289764"
"2","A","982","454","12632792"
"2","C","982","281","4940309"
"2","O","982","447","3395923"
"2","A","983","638","11070511"
"2","C","983","471","4216594"
"2","O","983","486","3705878"
"2","A","984","416","6052413"
"2","C","984","449","2369475"
"2","O","984","625","1843387"
"2","A","985","113","3655520"
"2","C","985","105","1468632"
"2","O","985","160","1037953"
"2","A","986","344","8050868"
"2","C","986","169","2715083"
"2","O","986","308","2550383"
"2","A","988","167","2216848"
"2","C","988","152","1178102"
"2","O","988","146","557321"
"2","A","989","191","2583432"
"2","C","989","196","1711406"
"2","O","989","342","952623"
"2","A","990","86","995073"
"2","C","990","48","371807"
"2","O","990","72","245374"
"2","A","991","96","890437"
"2","C","991","150","566536"
"2","O","991","82","200237"
"2","A","992","213","3844991"
"2","C","992","164","1626370"
"2","O","992","248","1242029"
"2","A","993","320","3915952"
"2","C","993","462","2098893"
"2","O","993","859","1261921"
"2","A","994","2","4866"
"2","C","994","1","1515"
"2","O","994","4","3043"
"2","A","995","19","773571"
"2","C","995","14","282637"
"2","O","995","9","139025"
"2","A","996","26","492202"
"2","C","996","13","139191"
"2","O","996","11","59911"
"2","A","997","207","1457644"
"2","C","997","157","588968"
"2","O","997","151","317430"
"2","A","998","20","113097"
"2","C","998","2","7637"
"2","O","998","2","4695"
"2","A","999","29","66448"
"2","C","999","88","69544"
"2","O","999","125","54614"
